-- phpMyAdmin SQL Dump
-- version 5.2.1
-- https://www.phpmyadmin.net/
--
-- Хост: 127.0.0.1
-- Время создания: Май 23 2024 г., 02:00
-- Версия сервера: 10.4.32-MariaDB
-- Версия PHP: 8.2.12

SET SQL_MODE = "NO_AUTO_VALUE_ON_ZERO";
START TRANSACTION;
SET time_zone = "+00:00";


/*!40101 SET @OLD_CHARACTER_SET_CLIENT=@@CHARACTER_SET_CLIENT */;
/*!40101 SET @OLD_CHARACTER_SET_RESULTS=@@CHARACTER_SET_RESULTS */;
/*!40101 SET @OLD_COLLATION_CONNECTION=@@COLLATION_CONNECTION */;
/*!40101 SET NAMES utf8mb4 */;

--
-- База данных: `car_sales`
--

-- --------------------------------------------------------

--
-- Структура таблицы `brands`
--

CREATE TABLE `brands` (
  `id` int(11) NOT NULL,
  `name` varchar(100) NOT NULL,
  `createdAt` datetime NOT NULL,
  `updatedAt` datetime NOT NULL
) ENGINE=InnoDB DEFAULT CHARSET=utf8 COLLATE=utf8_general_ci;

--
-- Дамп данных таблицы `brands`
--

INSERT INTO `brands` (`id`, `name`, `createdAt`, `updatedAt`) VALUES
(1, 'Acura', '0000-00-00 00:00:00', '0000-00-00 00:00:00'),
(2, 'Alfa Romeo', '0000-00-00 00:00:00', '0000-00-00 00:00:00'),
(3, 'Aston Martin', '0000-00-00 00:00:00', '0000-00-00 00:00:00'),
(4, 'Audi', '0000-00-00 00:00:00', '0000-00-00 00:00:00'),
(5, 'Bentley', '0000-00-00 00:00:00', '0000-00-00 00:00:00'),
(6, 'BMW', '0000-00-00 00:00:00', '0000-00-00 00:00:00'),
(7, 'Bugatti', '0000-00-00 00:00:00', '0000-00-00 00:00:00'),
(8, 'Buick', '0000-00-00 00:00:00', '0000-00-00 00:00:00'),
(9, 'Cadillac', '0000-00-00 00:00:00', '0000-00-00 00:00:00'),
(10, 'Chevrolet', '0000-00-00 00:00:00', '0000-00-00 00:00:00'),
(11, 'Chrysler', '0000-00-00 00:00:00', '0000-00-00 00:00:00'),
(12, 'Citroën', '0000-00-00 00:00:00', '0000-00-00 00:00:00'),
(13, 'Dodge', '0000-00-00 00:00:00', '0000-00-00 00:00:00'),
(14, 'Ferrari', '0000-00-00 00:00:00', '0000-00-00 00:00:00'),
(15, 'Fiat', '0000-00-00 00:00:00', '0000-00-00 00:00:00'),
(16, 'Ford', '0000-00-00 00:00:00', '0000-00-00 00:00:00'),
(17, 'Genesis', '0000-00-00 00:00:00', '0000-00-00 00:00:00'),
(18, 'GMC', '0000-00-00 00:00:00', '0000-00-00 00:00:00'),
(19, 'Honda', '0000-00-00 00:00:00', '0000-00-00 00:00:00'),
(20, 'Hyundai', '0000-00-00 00:00:00', '0000-00-00 00:00:00'),
(21, 'Infiniti', '0000-00-00 00:00:00', '0000-00-00 00:00:00'),
(22, 'Jaguar', '0000-00-00 00:00:00', '0000-00-00 00:00:00'),
(23, 'Jeep', '0000-00-00 00:00:00', '0000-00-00 00:00:00'),
(24, 'Kia', '0000-00-00 00:00:00', '0000-00-00 00:00:00'),
(25, 'Lamborghini', '0000-00-00 00:00:00', '0000-00-00 00:00:00'),
(26, 'Land Rover', '0000-00-00 00:00:00', '0000-00-00 00:00:00'),
(27, 'Lexus', '0000-00-00 00:00:00', '0000-00-00 00:00:00'),
(28, 'Lincoln', '0000-00-00 00:00:00', '0000-00-00 00:00:00'),
(29, 'Maserati', '0000-00-00 00:00:00', '0000-00-00 00:00:00'),
(30, 'Mazda', '0000-00-00 00:00:00', '0000-00-00 00:00:00'),
(31, 'McLaren', '0000-00-00 00:00:00', '0000-00-00 00:00:00'),
(32, 'Mercedes-Benz', '0000-00-00 00:00:00', '0000-00-00 00:00:00'),
(33, 'Mini', '0000-00-00 00:00:00', '0000-00-00 00:00:00'),
(34, 'Mitsubishi', '0000-00-00 00:00:00', '0000-00-00 00:00:00'),
(35, 'Nissan', '0000-00-00 00:00:00', '0000-00-00 00:00:00'),
(36, 'Pagani', '0000-00-00 00:00:00', '0000-00-00 00:00:00'),
(37, 'Peugeot', '0000-00-00 00:00:00', '0000-00-00 00:00:00'),
(38, 'Porsche', '0000-00-00 00:00:00', '0000-00-00 00:00:00'),
(39, 'Ram', '0000-00-00 00:00:00', '0000-00-00 00:00:00'),
(40, 'Renault', '0000-00-00 00:00:00', '0000-00-00 00:00:00'),
(41, 'Rolls-Royce', '0000-00-00 00:00:00', '0000-00-00 00:00:00'),
(42, 'Saab', '0000-00-00 00:00:00', '0000-00-00 00:00:00'),
(43, 'Subaru', '0000-00-00 00:00:00', '0000-00-00 00:00:00'),
(44, 'Suzuki', '0000-00-00 00:00:00', '0000-00-00 00:00:00'),
(45, 'Tesla', '0000-00-00 00:00:00', '0000-00-00 00:00:00'),
(46, 'Toyota', '0000-00-00 00:00:00', '0000-00-00 00:00:00'),
(47, 'Volkswagen', '0000-00-00 00:00:00', '0000-00-00 00:00:00'),
(48, 'Volvo', '0000-00-00 00:00:00', '0000-00-00 00:00:00'),
(50, 'Zotye', '0000-00-00 00:00:00', '0000-00-00 00:00:00');

-- --------------------------------------------------------

--
-- Структура таблицы `cars`
--

CREATE TABLE `cars` (
  `id` int(11) NOT NULL,
  `brand` int(11) NOT NULL,
  `model` int(11) NOT NULL,
  `bodyType` varchar(50) NOT NULL,
  `year` int(11) NOT NULL,
  `mileage` int(11) DEFAULT NULL,
  `drivetrain` varchar(40) NOT NULL,
  `fuel` varchar(30) NOT NULL,
  `transmission` varchar(40) NOT NULL,
  `engine` varchar(40) NOT NULL,
  `power` varchar(30) NOT NULL,
  `color` varchar(40) NOT NULL,
  `number` varchar(15) NOT NULL,
  `price` float NOT NULL,
  `owner` int(11) NOT NULL,
  `description` text DEFAULT NULL,
  `image` varchar(255) DEFAULT NULL,
  `city_id` int(11) DEFAULT NULL,
  `createdAt` datetime NOT NULL,
  `updatedAt` datetime NOT NULL,
  `car_id` int(11) DEFAULT NULL
) ENGINE=InnoDB DEFAULT CHARSET=utf8 COLLATE=utf8_general_ci;

-- --------------------------------------------------------

--
-- Структура таблицы `cities`
--

CREATE TABLE `cities` (
  `id` int(11) NOT NULL,
  `name` varchar(50) NOT NULL,
  `createdAt` datetime NOT NULL,
  `updatedAt` datetime NOT NULL
) ENGINE=InnoDB DEFAULT CHARSET=utf8 COLLATE=utf8_general_ci;

--
-- Дамп данных таблицы `cities`
--

INSERT INTO `cities` (`id`, `name`, `createdAt`, `updatedAt`) VALUES
(1, 'Kohtla-Järve', '2024-05-15 07:34:22', '2024-05-15 07:34:22'),
(2, 'Tallinn', '2024-05-15 07:56:42', '2024-05-15 07:56:42'),
(3, 'Tartu', '2024-05-15 07:56:43', '2024-05-15 07:56:43'),
(4, 'Narva', '2024-05-15 07:56:49', '2024-05-15 07:56:49'),
(5, 'Pärnu', '2024-05-15 07:57:53', '2024-05-15 07:57:53'),
(6, 'Viljandi', '2024-05-15 07:58:02', '2024-05-15 07:58:02'),
(7, 'Maardu', '2024-05-15 07:58:07', '2024-05-15 07:58:07'),
(8, 'Rakvere', '2024-05-15 07:58:11', '2024-05-15 07:58:11'),
(9, 'Kuressaare', '2024-05-15 07:58:24', '2024-05-15 07:58:24'),
(10, 'Sillamäe', '2024-05-15 07:58:28', '2024-05-15 07:58:28'),
(11, 'Valga', '2024-05-15 07:58:34', '2024-05-15 07:58:34'),
(12, 'Võru', '2024-05-15 07:58:39', '2024-05-15 07:58:39'),
(13, 'Keila', '2024-05-15 07:58:43', '2024-05-15 07:58:43'),
(14, 'Jõhvi', '2024-05-15 07:58:49', '2024-05-15 07:58:49'),
(15, 'Haapsalu', '2024-05-15 07:59:12', '2024-05-15 07:59:12'),
(16, 'Paide', '2024-05-15 07:59:16', '2024-05-15 07:59:16'),
(17, 'Saue', '2024-05-15 07:59:20', '2024-05-15 07:59:20'),
(18, 'Elva', '2024-05-15 07:59:37', '2024-05-15 07:59:37'),
(19, 'Põlva', '2024-05-15 07:59:43', '2024-05-15 07:59:43'),
(20, 'Tapa', '2024-05-15 07:59:47', '2024-05-15 07:59:47'),
(21, 'Väike-Maarja', '2024-05-15 07:59:51', '2024-05-15 07:59:51'),
(22, 'Rapla', '2024-05-15 08:00:00', '2024-05-15 08:00:00'),
(23, 'Jõgeva', '2024-05-15 08:00:04', '2024-05-15 08:00:04'),
(24, 'Türi', '2024-05-15 08:00:08', '2024-05-15 08:00:08'),
(25, 'Kiviõli', '2024-05-15 08:00:13', '2024-05-15 08:00:13'),
(26, 'Põltsamaa', '2024-05-15 08:00:18', '2024-05-15 08:00:18'),
(27, 'Paldiski', '2024-05-15 08:00:22', '2024-05-15 08:00:22'),
(28, 'Sindi', '2024-05-15 08:00:27', '2024-05-15 08:00:27'),
(29, 'Kunda', '2024-05-15 08:00:31', '2024-05-15 08:00:31'),
(30, 'Kärdla', '2024-05-15 08:00:36', '2024-05-15 08:00:36'),
(31, 'Järveküla', '2024-05-15 08:00:40', '2024-05-15 08:00:40'),
(32, 'Kehra', '2024-05-15 08:00:45', '2024-05-15 08:00:45'),
(33, 'Tõrva', '2024-05-15 08:00:50', '2024-05-15 08:00:50'),
(34, 'Narva-Jõesuu', '2024-05-15 08:00:55', '2024-05-15 08:00:55'),
(35, 'Tamsalu', '2024-05-15 08:01:01', '2024-05-15 08:01:01'),
(36, 'Paikuse', '2024-05-15 08:01:05', '2024-05-15 08:01:05'),
(37, 'Vändra', '2024-05-15 08:01:09', '2024-05-15 08:01:09'),
(38, 'Räpina', '2024-05-15 08:01:13', '2024-05-15 08:01:13'),
(39, 'Otepää', '2024-05-15 08:01:19', '2024-05-15 08:01:19');

-- --------------------------------------------------------

--
-- Структура таблицы `favorites`
--

CREATE TABLE `favorites` (
  `id` int(11) NOT NULL,
  `user_id` int(11) NOT NULL,
  `car_id` int(11) NOT NULL,
  `createdAt` datetime NOT NULL,
  `updatedAt` datetime NOT NULL
) ENGINE=InnoDB DEFAULT CHARSET=utf8 COLLATE=utf8_general_ci;

-- --------------------------------------------------------

--
-- Структура таблицы `models`
--

CREATE TABLE `models` (
  `id` int(11) NOT NULL,
  `name` varchar(100) NOT NULL,
  `brand_id` int(11) DEFAULT NULL,
  `createdAt` datetime NOT NULL,
  `updatedAt` datetime NOT NULL
) ENGINE=InnoDB DEFAULT CHARSET=utf8 COLLATE=utf8_general_ci;

--
-- Дамп данных таблицы `models`
--

INSERT INTO `models` (`id`, `name`, `brand_id`, `createdAt`, `updatedAt`) VALUES
(1, 'ILX', 1, '0000-00-00 00:00:00', '0000-00-00 00:00:00'),
(2, 'TLX', 1, '0000-00-00 00:00:00', '0000-00-00 00:00:00'),
(3, 'RLX', 1, '0000-00-00 00:00:00', '0000-00-00 00:00:00'),
(4, 'NSX', 1, '0000-00-00 00:00:00', '0000-00-00 00:00:00'),
(5, 'RDX', 1, '0000-00-00 00:00:00', '0000-00-00 00:00:00'),
(6, 'MDX', 1, '0000-00-00 00:00:00', '0000-00-00 00:00:00'),
(7, 'ZDX', 1, '0000-00-00 00:00:00', '0000-00-00 00:00:00'),
(8, 'CL', 1, '0000-00-00 00:00:00', '0000-00-00 00:00:00'),
(9, 'TL', 1, '0000-00-00 00:00:00', '0000-00-00 00:00:00'),
(10, 'TSX', 1, '0000-00-00 00:00:00', '0000-00-00 00:00:00'),
(11, 'RSX', 1, '0000-00-00 00:00:00', '0000-00-00 00:00:00'),
(12, 'Integra', 1, '0000-00-00 00:00:00', '0000-00-00 00:00:00'),
(13, 'Legend', 1, '0000-00-00 00:00:00', '0000-00-00 00:00:00'),
(14, 'Vigor', 1, '0000-00-00 00:00:00', '0000-00-00 00:00:00'),
(15, 'SLX', 1, '0000-00-00 00:00:00', '0000-00-00 00:00:00'),
(16, '4C', 2, '0000-00-00 00:00:00', '0000-00-00 00:00:00'),
(17, 'Giulia', 2, '0000-00-00 00:00:00', '0000-00-00 00:00:00'),
(18, 'Stelvio', 2, '0000-00-00 00:00:00', '0000-00-00 00:00:00'),
(19, 'MiTo', 2, '0000-00-00 00:00:00', '0000-00-00 00:00:00'),
(20, 'Giulietta', 2, '0000-00-00 00:00:00', '0000-00-00 00:00:00'),
(21, 'Spider', 2, '0000-00-00 00:00:00', '0000-00-00 00:00:00'),
(22, 'Brera', 2, '0000-00-00 00:00:00', '0000-00-00 00:00:00'),
(23, '159', 2, '0000-00-00 00:00:00', '0000-00-00 00:00:00'),
(24, '147', 2, '0000-00-00 00:00:00', '0000-00-00 00:00:00'),
(25, '156', 2, '0000-00-00 00:00:00', '0000-00-00 00:00:00'),
(26, 'DB11', 3, '0000-00-00 00:00:00', '0000-00-00 00:00:00'),
(27, 'DBS Superleggera', 3, '0000-00-00 00:00:00', '0000-00-00 00:00:00'),
(28, 'Vantage', 3, '0000-00-00 00:00:00', '0000-00-00 00:00:00'),
(29, 'DBS', 3, '0000-00-00 00:00:00', '0000-00-00 00:00:00'),
(30, 'Vanquish', 3, '0000-00-00 00:00:00', '0000-00-00 00:00:00'),
(31, 'Rapide', 3, '0000-00-00 00:00:00', '0000-00-00 00:00:00'),
(32, 'Virage', 3, '0000-00-00 00:00:00', '0000-00-00 00:00:00'),
(33, 'DB9', 3, '0000-00-00 00:00:00', '0000-00-00 00:00:00'),
(34, 'DBS V12', 3, '0000-00-00 00:00:00', '0000-00-00 00:00:00'),
(35, 'V8 Vantage', 3, '0000-00-00 00:00:00', '0000-00-00 00:00:00'),
(36, 'V12 Vantage', 3, '0000-00-00 00:00:00', '0000-00-00 00:00:00'),
(37, 'One-77', 3, '0000-00-00 00:00:00', '0000-00-00 00:00:00'),
(38, 'DB5', 3, '0000-00-00 00:00:00', '0000-00-00 00:00:00'),
(39, 'DB6', 3, '0000-00-00 00:00:00', '0000-00-00 00:00:00'),
(40, 'DBS GT Zagato', 3, '0000-00-00 00:00:00', '0000-00-00 00:00:00'),
(41, 'Valkyrie', 3, '0000-00-00 00:00:00', '0000-00-00 00:00:00'),
(42, 'DBS GT Zagato Continuation', 3, '0000-00-00 00:00:00', '0000-00-00 00:00:00'),
(43, 'DB4 GT Zagato', 3, '0000-00-00 00:00:00', '0000-00-00 00:00:00'),
(44, 'DB4', 3, '0000-00-00 00:00:00', '0000-00-00 00:00:00'),
(45, 'DBS 59', 3, '0000-00-00 00:00:00', '0000-00-00 00:00:00'),
(46, 'DBS GT Zagato', 3, '0000-00-00 00:00:00', '0000-00-00 00:00:00'),
(47, 'A1', 4, '0000-00-00 00:00:00', '0000-00-00 00:00:00'),
(48, 'A3', 4, '0000-00-00 00:00:00', '0000-00-00 00:00:00'),
(49, 'A4', 4, '0000-00-00 00:00:00', '0000-00-00 00:00:00'),
(50, 'A5', 4, '0000-00-00 00:00:00', '0000-00-00 00:00:00'),
(51, 'A6', 4, '0000-00-00 00:00:00', '0000-00-00 00:00:00'),
(52, 'A7', 4, '0000-00-00 00:00:00', '0000-00-00 00:00:00'),
(53, 'A8', 4, '0000-00-00 00:00:00', '0000-00-00 00:00:00'),
(54, 'Q2', 4, '0000-00-00 00:00:00', '0000-00-00 00:00:00'),
(55, 'Q3', 4, '0000-00-00 00:00:00', '0000-00-00 00:00:00'),
(56, 'Q4', 4, '0000-00-00 00:00:00', '0000-00-00 00:00:00'),
(57, 'Q5', 4, '0000-00-00 00:00:00', '0000-00-00 00:00:00'),
(58, 'Q7', 4, '0000-00-00 00:00:00', '0000-00-00 00:00:00'),
(59, 'Q8', 4, '0000-00-00 00:00:00', '0000-00-00 00:00:00'),
(60, 'TT', 4, '0000-00-00 00:00:00', '0000-00-00 00:00:00'),
(61, 'R8', 4, '0000-00-00 00:00:00', '0000-00-00 00:00:00'),
(62, 'RS3', 4, '0000-00-00 00:00:00', '0000-00-00 00:00:00'),
(63, 'RS4', 4, '0000-00-00 00:00:00', '0000-00-00 00:00:00'),
(64, 'RS5', 4, '0000-00-00 00:00:00', '0000-00-00 00:00:00'),
(65, 'RS6', 4, '0000-00-00 00:00:00', '0000-00-00 00:00:00'),
(66, 'RS7', 4, '0000-00-00 00:00:00', '0000-00-00 00:00:00'),
(67, 'S3', 4, '0000-00-00 00:00:00', '0000-00-00 00:00:00'),
(68, 'S4', 4, '0000-00-00 00:00:00', '0000-00-00 00:00:00'),
(69, 'S5', 4, '0000-00-00 00:00:00', '0000-00-00 00:00:00'),
(70, 'S6', 4, '0000-00-00 00:00:00', '0000-00-00 00:00:00'),
(71, 'S7', 4, '0000-00-00 00:00:00', '0000-00-00 00:00:00'),
(72, 'S8', 4, '0000-00-00 00:00:00', '0000-00-00 00:00:00'),
(73, 'SQ2', 4, '0000-00-00 00:00:00', '0000-00-00 00:00:00'),
(74, 'SQ5', 4, '0000-00-00 00:00:00', '0000-00-00 00:00:00'),
(75, 'SQ7', 4, '0000-00-00 00:00:00', '0000-00-00 00:00:00'),
(76, 'SQ8', 4, '0000-00-00 00:00:00', '0000-00-00 00:00:00'),
(77, 'E-Tron', 4, '0000-00-00 00:00:00', '0000-00-00 00:00:00'),
(80, '100', 4, '0000-00-00 00:00:00', '0000-00-00 00:00:00'),
(81, '200', 4, '0000-00-00 00:00:00', '0000-00-00 00:00:00'),
(82, 'A2', 4, '0000-00-00 00:00:00', '0000-00-00 00:00:00'),
(138, 'Bentayga', 5, '0000-00-00 00:00:00', '0000-00-00 00:00:00'),
(139, 'Continental GT', 5, '0000-00-00 00:00:00', '0000-00-00 00:00:00'),
(140, 'Flying Spur', 5, '0000-00-00 00:00:00', '0000-00-00 00:00:00'),
(141, 'Mulsanne', 5, '0000-00-00 00:00:00', '0000-00-00 00:00:00'),
(142, 'Arnage', 5, '0000-00-00 00:00:00', '0000-00-00 00:00:00'),
(143, 'Azure', 5, '0000-00-00 00:00:00', '0000-00-00 00:00:00'),
(144, 'Brooklands', 5, '0000-00-00 00:00:00', '0000-00-00 00:00:00'),
(145, 'Turbo R', 5, '0000-00-00 00:00:00', '0000-00-00 00:00:00'),
(146, 'Bentley Eight', 5, '0000-00-00 00:00:00', '0000-00-00 00:00:00'),
(147, 'Bentley Brooklands', 5, '0000-00-00 00:00:00', '0000-00-00 00:00:00'),
(148, 'Bentley Continental GT Speed', 5, '0000-00-00 00:00:00', '0000-00-00 00:00:00'),
(149, 'Bentley Continental GTC', 5, '0000-00-00 00:00:00', '0000-00-00 00:00:00'),
(150, 'Bentley Mulsanne Speed', 5, '0000-00-00 00:00:00', '0000-00-00 00:00:00'),
(151, '1 Series', 6, '0000-00-00 00:00:00', '0000-00-00 00:00:00'),
(152, '2 Series', 6, '0000-00-00 00:00:00', '0000-00-00 00:00:00'),
(153, '3 Series', 6, '0000-00-00 00:00:00', '0000-00-00 00:00:00'),
(154, '4 Series', 6, '0000-00-00 00:00:00', '0000-00-00 00:00:00'),
(155, '5 Series', 6, '0000-00-00 00:00:00', '0000-00-00 00:00:00'),
(156, '6 Series', 6, '0000-00-00 00:00:00', '0000-00-00 00:00:00'),
(157, '7 Series', 6, '0000-00-00 00:00:00', '0000-00-00 00:00:00'),
(158, '8 Series', 6, '0000-00-00 00:00:00', '0000-00-00 00:00:00'),
(159, 'X1', 6, '0000-00-00 00:00:00', '0000-00-00 00:00:00'),
(160, 'X2', 6, '0000-00-00 00:00:00', '0000-00-00 00:00:00'),
(161, 'X3', 6, '0000-00-00 00:00:00', '0000-00-00 00:00:00'),
(162, 'X4', 6, '0000-00-00 00:00:00', '0000-00-00 00:00:00'),
(163, 'X5', 6, '0000-00-00 00:00:00', '0000-00-00 00:00:00'),
(164, 'X6', 6, '0000-00-00 00:00:00', '0000-00-00 00:00:00'),
(165, 'X7', 6, '0000-00-00 00:00:00', '0000-00-00 00:00:00'),
(166, 'Z3', 6, '0000-00-00 00:00:00', '0000-00-00 00:00:00'),
(167, 'Z4', 6, '0000-00-00 00:00:00', '0000-00-00 00:00:00'),
(168, 'M2', 6, '0000-00-00 00:00:00', '0000-00-00 00:00:00'),
(169, 'M3', 6, '0000-00-00 00:00:00', '0000-00-00 00:00:00'),
(170, 'M4', 6, '0000-00-00 00:00:00', '0000-00-00 00:00:00'),
(171, 'M5', 6, '0000-00-00 00:00:00', '0000-00-00 00:00:00'),
(172, 'M6', 6, '0000-00-00 00:00:00', '0000-00-00 00:00:00'),
(173, 'X3 M', 6, '0000-00-00 00:00:00', '0000-00-00 00:00:00'),
(174, 'X4 M', 6, '0000-00-00 00:00:00', '0000-00-00 00:00:00'),
(175, 'X5 M', 6, '0000-00-00 00:00:00', '0000-00-00 00:00:00'),
(176, 'X6 M', 6, '0000-00-00 00:00:00', '0000-00-00 00:00:00'),
(177, 'Chiron', 7, '0000-00-00 00:00:00', '0000-00-00 00:00:00'),
(178, 'Veyron', 7, '0000-00-00 00:00:00', '0000-00-00 00:00:00'),
(179, 'EB110', 7, '0000-00-00 00:00:00', '0000-00-00 00:00:00'),
(180, 'Encore', 8, '0000-00-00 00:00:00', '0000-00-00 00:00:00'),
(181, 'Encore GX', 8, '0000-00-00 00:00:00', '0000-00-00 00:00:00'),
(182, 'Enclave', 8, '0000-00-00 00:00:00', '0000-00-00 00:00:00'),
(183, 'Envision', 8, '0000-00-00 00:00:00', '0000-00-00 00:00:00'),
(184, 'Verano', 8, '0000-00-00 00:00:00', '0000-00-00 00:00:00'),
(185, 'Regal', 8, '0000-00-00 00:00:00', '0000-00-00 00:00:00'),
(186, 'LaCrosse', 8, '0000-00-00 00:00:00', '0000-00-00 00:00:00'),
(187, 'Century', 8, '0000-00-00 00:00:00', '0000-00-00 00:00:00'),
(188, 'Roadmaster', 8, '0000-00-00 00:00:00', '0000-00-00 00:00:00'),
(189, 'LeSabre', 8, '0000-00-00 00:00:00', '0000-00-00 00:00:00'),
(190, 'Park Avenue', 8, '0000-00-00 00:00:00', '0000-00-00 00:00:00'),
(191, 'CT4', 9, '0000-00-00 00:00:00', '0000-00-00 00:00:00'),
(192, 'CT5', 9, '0000-00-00 00:00:00', '0000-00-00 00:00:00'),
(193, 'CT6', 9, '0000-00-00 00:00:00', '0000-00-00 00:00:00'),
(194, 'Escalade', 9, '0000-00-00 00:00:00', '0000-00-00 00:00:00'),
(195, 'XT4', 9, '0000-00-00 00:00:00', '0000-00-00 00:00:00'),
(196, 'XT5', 9, '0000-00-00 00:00:00', '0000-00-00 00:00:00'),
(197, 'XT6', 9, '0000-00-00 00:00:00', '0000-00-00 00:00:00'),
(198, 'XTS', 9, '0000-00-00 00:00:00', '0000-00-00 00:00:00'),
(199, 'ATS', 9, '0000-00-00 00:00:00', '0000-00-00 00:00:00'),
(200, 'CTS', 9, '0000-00-00 00:00:00', '0000-00-00 00:00:00'),
(201, 'STS', 9, '0000-00-00 00:00:00', '0000-00-00 00:00:00'),
(202, 'Seville', 9, '0000-00-00 00:00:00', '0000-00-00 00:00:00'),
(203, 'DeVille', 9, '0000-00-00 00:00:00', '0000-00-00 00:00:00'),
(204, 'Eldorado', 9, '0000-00-00 00:00:00', '0000-00-00 00:00:00'),
(205, 'Fleetwood', 9, '0000-00-00 00:00:00', '0000-00-00 00:00:00'),
(206, 'Allante', 9, '0000-00-00 00:00:00', '0000-00-00 00:00:00'),
(207, 'Catera', 9, '0000-00-00 00:00:00', '0000-00-00 00:00:00'),
(208, 'Spark', 10, '0000-00-00 00:00:00', '0000-00-00 00:00:00'),
(209, 'Sonic', 10, '0000-00-00 00:00:00', '0000-00-00 00:00:00'),
(210, 'Cruze', 10, '0000-00-00 00:00:00', '0000-00-00 00:00:00'),
(211, 'Malibu', 10, '0000-00-00 00:00:00', '0000-00-00 00:00:00'),
(212, 'Impala', 10, '0000-00-00 00:00:00', '0000-00-00 00:00:00'),
(213, 'Camaro', 10, '0000-00-00 00:00:00', '0000-00-00 00:00:00'),
(214, 'Corvette', 10, '0000-00-00 00:00:00', '0000-00-00 00:00:00'),
(215, 'Trax', 10, '0000-00-00 00:00:00', '0000-00-00 00:00:00'),
(216, 'Trailblazer', 10, '0000-00-00 00:00:00', '0000-00-00 00:00:00'),
(217, 'Equinox', 10, '0000-00-00 00:00:00', '0000-00-00 00:00:00'),
(218, 'Blazer', 10, '0000-00-00 00:00:00', '0000-00-00 00:00:00'),
(219, 'Traverse', 10, '0000-00-00 00:00:00', '0000-00-00 00:00:00'),
(220, 'Tahoe', 10, '0000-00-00 00:00:00', '0000-00-00 00:00:00'),
(221, 'Suburban', 10, '0000-00-00 00:00:00', '0000-00-00 00:00:00'),
(222, 'Colorado', 10, '0000-00-00 00:00:00', '0000-00-00 00:00:00'),
(223, 'Silverado', 10, '0000-00-00 00:00:00', '0000-00-00 00:00:00'),
(224, 'Express', 10, '0000-00-00 00:00:00', '0000-00-00 00:00:00'),
(225, '300', 11, '0000-00-00 00:00:00', '0000-00-00 00:00:00'),
(226, 'Pacifica', 11, '0000-00-00 00:00:00', '0000-00-00 00:00:00'),
(227, 'Voyager', 11, '0000-00-00 00:00:00', '0000-00-00 00:00:00'),
(228, 'Aspen', 11, '0000-00-00 00:00:00', '0000-00-00 00:00:00'),
(229, 'PT Cruiser', 11, '0000-00-00 00:00:00', '0000-00-00 00:00:00'),
(230, 'Sebring', 11, '0000-00-00 00:00:00', '0000-00-00 00:00:00'),
(231, 'Concorde', 11, '0000-00-00 00:00:00', '0000-00-00 00:00:00'),
(232, 'LHS', 11, '0000-00-00 00:00:00', '0000-00-00 00:00:00'),
(233, 'Crossfire', 11, '0000-00-00 00:00:00', '0000-00-00 00:00:00'),
(234, 'New Yorker', 11, '0000-00-00 00:00:00', '0000-00-00 00:00:00'),
(235, 'C1', 12, '0000-00-00 00:00:00', '0000-00-00 00:00:00'),
(236, 'C3', 12, '0000-00-00 00:00:00', '0000-00-00 00:00:00'),
(237, 'C3 Aircross', 12, '0000-00-00 00:00:00', '0000-00-00 00:00:00'),
(238, 'C4', 12, '0000-00-00 00:00:00', '0000-00-00 00:00:00'),
(239, 'C4 Cactus', 12, '0000-00-00 00:00:00', '0000-00-00 00:00:00'),
(240, 'C4 Picasso', 12, '0000-00-00 00:00:00', '0000-00-00 00:00:00'),
(241, 'C5', 12, '0000-00-00 00:00:00', '0000-00-00 00:00:00'),
(242, 'C6', 12, '0000-00-00 00:00:00', '0000-00-00 00:00:00'),
(243, 'C-Zero', 12, '0000-00-00 00:00:00', '0000-00-00 00:00:00'),
(244, 'Berlingo', 12, '0000-00-00 00:00:00', '0000-00-00 00:00:00'),
(245, 'Jumpy', 12, '0000-00-00 00:00:00', '0000-00-00 00:00:00'),
(246, 'SpaceTourer', 12, '0000-00-00 00:00:00', '0000-00-00 00:00:00'),
(247, 'DS 3', 12, '0000-00-00 00:00:00', '0000-00-00 00:00:00'),
(248, 'DS 4', 12, '0000-00-00 00:00:00', '0000-00-00 00:00:00'),
(249, 'DS 5', 12, '0000-00-00 00:00:00', '0000-00-00 00:00:00'),
(250, 'Challenger', 13, '0000-00-00 00:00:00', '0000-00-00 00:00:00'),
(251, 'Charger', 13, '0000-00-00 00:00:00', '0000-00-00 00:00:00'),
(252, 'Durango', 13, '0000-00-00 00:00:00', '0000-00-00 00:00:00'),
(253, 'Journey', 13, '0000-00-00 00:00:00', '0000-00-00 00:00:00'),
(254, 'Grand Caravan', 13, '0000-00-00 00:00:00', '0000-00-00 00:00:00'),
(255, 'Avenger', 13, '0000-00-00 00:00:00', '0000-00-00 00:00:00'),
(256, 'Dart', 13, '0000-00-00 00:00:00', '0000-00-00 00:00:00'),
(257, 'Caliber', 13, '0000-00-00 00:00:00', '0000-00-00 00:00:00'),
(258, 'Neon', 13, '0000-00-00 00:00:00', '0000-00-00 00:00:00'),
(259, 'Intrepid', 13, '0000-00-00 00:00:00', '0000-00-00 00:00:00'),
(260, 'Stratus', 13, '0000-00-00 00:00:00', '0000-00-00 00:00:00'),
(261, 'Magnum', 13, '0000-00-00 00:00:00', '0000-00-00 00:00:00'),
(262, 'Viper', 13, '0000-00-00 00:00:00', '0000-00-00 00:00:00'),
(263, 'Ram', 13, '0000-00-00 00:00:00', '0000-00-00 00:00:00'),
(264, '488 GTB', 14, '0000-00-00 00:00:00', '0000-00-00 00:00:00'),
(265, '488 Pista', 14, '0000-00-00 00:00:00', '0000-00-00 00:00:00'),
(266, '488 Spider', 14, '0000-00-00 00:00:00', '0000-00-00 00:00:00'),
(267, '812 Superfast', 14, '0000-00-00 00:00:00', '0000-00-00 00:00:00'),
(268, 'GTC4Lusso', 14, '0000-00-00 00:00:00', '0000-00-00 00:00:00'),
(269, 'GTC4Lusso T', 14, '0000-00-00 00:00:00', '0000-00-00 00:00:00'),
(270, 'Portofino', 14, '0000-00-00 00:00:00', '0000-00-00 00:00:00'),
(271, 'SF90 Stradale', 14, '0000-00-00 00:00:00', '0000-00-00 00:00:00'),
(272, 'Monza SP1', 14, '0000-00-00 00:00:00', '0000-00-00 00:00:00'),
(273, 'Monza SP2', 14, '0000-00-00 00:00:00', '0000-00-00 00:00:00'),
(274, 'F8 Tributo', 14, '0000-00-00 00:00:00', '0000-00-00 00:00:00'),
(275, 'F8 Spider', 14, '0000-00-00 00:00:00', '0000-00-00 00:00:00'),
(276, 'Roma', 14, '0000-00-00 00:00:00', '0000-00-00 00:00:00'),
(277, 'Ferrari LaFerrari', 14, '0000-00-00 00:00:00', '0000-00-00 00:00:00'),
(278, '500', 15, '0000-00-00 00:00:00', '0000-00-00 00:00:00'),
(279, '500X', 15, '0000-00-00 00:00:00', '0000-00-00 00:00:00'),
(280, '500L', 15, '0000-00-00 00:00:00', '0000-00-00 00:00:00'),
(281, 'Panda', 15, '0000-00-00 00:00:00', '0000-00-00 00:00:00'),
(282, 'Tipo', 15, '0000-00-00 00:00:00', '0000-00-00 00:00:00'),
(283, 'Punto', 15, '0000-00-00 00:00:00', '0000-00-00 00:00:00'),
(284, 'Bravo', 15, '0000-00-00 00:00:00', '0000-00-00 00:00:00'),
(285, '500e', 15, '0000-00-00 00:00:00', '0000-00-00 00:00:00'),
(286, '500C', 15, '0000-00-00 00:00:00', '0000-00-00 00:00:00'),
(287, '124 Spider', 15, '0000-00-00 00:00:00', '0000-00-00 00:00:00'),
(288, 'Doblo', 15, '0000-00-00 00:00:00', '0000-00-00 00:00:00'),
(289, 'Qubo', 15, '0000-00-00 00:00:00', '0000-00-00 00:00:00'),
(290, 'Fullback', 15, '0000-00-00 00:00:00', '0000-00-00 00:00:00'),
(291, 'Fiesta', 16, '0000-00-00 00:00:00', '0000-00-00 00:00:00'),
(292, 'Focus', 16, '0000-00-00 00:00:00', '0000-00-00 00:00:00'),
(293, 'Fusion', 16, '0000-00-00 00:00:00', '0000-00-00 00:00:00'),
(294, 'Mustang', 16, '0000-00-00 00:00:00', '0000-00-00 00:00:00'),
(295, 'Taurus', 16, '0000-00-00 00:00:00', '0000-00-00 00:00:00'),
(296, 'Escape', 16, '0000-00-00 00:00:00', '0000-00-00 00:00:00'),
(297, 'Edge', 16, '0000-00-00 00:00:00', '0000-00-00 00:00:00'),
(298, 'Explorer', 16, '0000-00-00 00:00:00', '0000-00-00 00:00:00'),
(299, 'Expedition', 16, '0000-00-00 00:00:00', '0000-00-00 00:00:00'),
(300, 'Ranger', 16, '0000-00-00 00:00:00', '0000-00-00 00:00:00'),
(301, 'F-150', 16, '0000-00-00 00:00:00', '0000-00-00 00:00:00'),
(302, 'Super Duty', 16, '0000-00-00 00:00:00', '0000-00-00 00:00:00'),
(303, 'Transit', 16, '0000-00-00 00:00:00', '0000-00-00 00:00:00'),
(304, 'EcoSport', 16, '0000-00-00 00:00:00', '0000-00-00 00:00:00'),
(305, 'Bronco Sport', 16, '0000-00-00 00:00:00', '0000-00-00 00:00:00'),
(306, 'Maverick', 16, '0000-00-00 00:00:00', '0000-00-00 00:00:00'),
(307, 'G70', 17, '0000-00-00 00:00:00', '0000-00-00 00:00:00'),
(308, 'G80', 17, '0000-00-00 00:00:00', '0000-00-00 00:00:00'),
(309, 'G90', 17, '0000-00-00 00:00:00', '0000-00-00 00:00:00'),
(310, 'GV70', 17, '0000-00-00 00:00:00', '0000-00-00 00:00:00'),
(311, 'GV80', 17, '0000-00-00 00:00:00', '0000-00-00 00:00:00'),
(312, 'Terrain', 18, '0000-00-00 00:00:00', '0000-00-00 00:00:00'),
(313, 'Acadia', 18, '0000-00-00 00:00:00', '0000-00-00 00:00:00'),
(314, 'Yukon', 18, '0000-00-00 00:00:00', '0000-00-00 00:00:00'),
(315, 'Canyon', 18, '0000-00-00 00:00:00', '0000-00-00 00:00:00'),
(316, 'Sierra 1500', 18, '0000-00-00 00:00:00', '0000-00-00 00:00:00'),
(317, 'Sierra HD', 18, '0000-00-00 00:00:00', '0000-00-00 00:00:00'),
(318, 'Accord', 19, '0000-00-00 00:00:00', '0000-00-00 00:00:00'),
(319, 'Civic', 19, '0000-00-00 00:00:00', '0000-00-00 00:00:00'),
(320, 'CR-V', 19, '0000-00-00 00:00:00', '0000-00-00 00:00:00'),
(321, 'Fit', 19, '0000-00-00 00:00:00', '0000-00-00 00:00:00'),
(322, 'HR-V', 19, '0000-00-00 00:00:00', '0000-00-00 00:00:00'),
(323, 'Insight', 19, '0000-00-00 00:00:00', '0000-00-00 00:00:00'),
(324, 'Odyssey', 19, '0000-00-00 00:00:00', '0000-00-00 00:00:00'),
(325, 'Passport', 19, '0000-00-00 00:00:00', '0000-00-00 00:00:00'),
(326, 'Pilot', 19, '0000-00-00 00:00:00', '0000-00-00 00:00:00'),
(327, 'Ridgeline', 19, '0000-00-00 00:00:00', '0000-00-00 00:00:00'),
(328, 'Accent', 20, '0000-00-00 00:00:00', '0000-00-00 00:00:00'),
(329, 'Elantra', 20, '0000-00-00 00:00:00', '0000-00-00 00:00:00'),
(330, 'Ioniq', 20, '0000-00-00 00:00:00', '0000-00-00 00:00:00'),
(331, 'Kona', 20, '0000-00-00 00:00:00', '0000-00-00 00:00:00'),
(332, 'Nexo', 20, '0000-00-00 00:00:00', '0000-00-00 00:00:00'),
(333, 'Palisade', 20, '0000-00-00 00:00:00', '0000-00-00 00:00:00'),
(334, 'Santa Fe', 20, '0000-00-00 00:00:00', '0000-00-00 00:00:00'),
(335, 'Sonata', 20, '0000-00-00 00:00:00', '0000-00-00 00:00:00'),
(336, 'Tucson', 20, '0000-00-00 00:00:00', '0000-00-00 00:00:00'),
(337, 'Veloster', 20, '0000-00-00 00:00:00', '0000-00-00 00:00:00'),
(338, 'Venue', 20, '0000-00-00 00:00:00', '0000-00-00 00:00:00'),
(339, 'Q50', 21, '0000-00-00 00:00:00', '0000-00-00 00:00:00'),
(340, 'Q60', 21, '0000-00-00 00:00:00', '0000-00-00 00:00:00'),
(341, 'Q70', 21, '0000-00-00 00:00:00', '0000-00-00 00:00:00'),
(342, 'QX30', 21, '0000-00-00 00:00:00', '0000-00-00 00:00:00'),
(343, 'QX50', 21, '0000-00-00 00:00:00', '0000-00-00 00:00:00'),
(344, 'QX55', 21, '0000-00-00 00:00:00', '0000-00-00 00:00:00'),
(345, 'QX60', 21, '0000-00-00 00:00:00', '0000-00-00 00:00:00'),
(346, 'QX80', 21, '0000-00-00 00:00:00', '0000-00-00 00:00:00'),
(347, 'XE', 22, '0000-00-00 00:00:00', '0000-00-00 00:00:00'),
(348, 'XF', 22, '0000-00-00 00:00:00', '0000-00-00 00:00:00'),
(349, 'XJ', 22, '0000-00-00 00:00:00', '0000-00-00 00:00:00'),
(350, 'F-TYPE', 22, '0000-00-00 00:00:00', '0000-00-00 00:00:00'),
(351, 'E-PACE', 22, '0000-00-00 00:00:00', '0000-00-00 00:00:00'),
(352, 'F-PACE', 22, '0000-00-00 00:00:00', '0000-00-00 00:00:00'),
(353, 'I-PACE', 22, '0000-00-00 00:00:00', '0000-00-00 00:00:00'),
(354, 'Wrangler', 23, '0000-00-00 00:00:00', '0000-00-00 00:00:00'),
(355, 'Grand Cherokee', 23, '0000-00-00 00:00:00', '0000-00-00 00:00:00'),
(356, 'Cherokee', 23, '0000-00-00 00:00:00', '0000-00-00 00:00:00'),
(357, 'Compass', 23, '0000-00-00 00:00:00', '0000-00-00 00:00:00'),
(358, 'Renegade', 23, '0000-00-00 00:00:00', '0000-00-00 00:00:00'),
(359, 'Gladiator', 23, '0000-00-00 00:00:00', '0000-00-00 00:00:00'),
(360, 'Rio', 24, '0000-00-00 00:00:00', '0000-00-00 00:00:00'),
(361, 'Forte', 24, '0000-00-00 00:00:00', '0000-00-00 00:00:00'),
(362, 'Optima', 24, '0000-00-00 00:00:00', '0000-00-00 00:00:00'),
(363, 'Stinger', 24, '0000-00-00 00:00:00', '0000-00-00 00:00:00'),
(364, 'Cadenza', 24, '0000-00-00 00:00:00', '0000-00-00 00:00:00'),
(365, 'K5', 24, '0000-00-00 00:00:00', '0000-00-00 00:00:00'),
(366, 'Soul', 24, '0000-00-00 00:00:00', '0000-00-00 00:00:00'),
(367, 'Niro', 24, '0000-00-00 00:00:00', '0000-00-00 00:00:00'),
(368, 'Sportage', 24, '0000-00-00 00:00:00', '0000-00-00 00:00:00'),
(369, 'Seltos', 24, '0000-00-00 00:00:00', '0000-00-00 00:00:00'),
(370, 'Sorento', 24, '0000-00-00 00:00:00', '0000-00-00 00:00:00'),
(371, 'Telluride', 24, '0000-00-00 00:00:00', '0000-00-00 00:00:00'),
(372, 'Urus', 25, '0000-00-00 00:00:00', '0000-00-00 00:00:00'),
(373, 'Huracán', 25, '0000-00-00 00:00:00', '0000-00-00 00:00:00'),
(374, 'Aventador', 25, '0000-00-00 00:00:00', '0000-00-00 00:00:00'),
(375, 'Gallardo', 25, '0000-00-00 00:00:00', '0000-00-00 00:00:00'),
(376, 'Murciélago', 25, '0000-00-00 00:00:00', '0000-00-00 00:00:00'),
(377, 'Defender', 26, '0000-00-00 00:00:00', '0000-00-00 00:00:00'),
(378, 'Discovery', 26, '0000-00-00 00:00:00', '0000-00-00 00:00:00'),
(379, 'Discovery Sport', 26, '0000-00-00 00:00:00', '0000-00-00 00:00:00'),
(380, 'Range Rover', 26, '0000-00-00 00:00:00', '0000-00-00 00:00:00'),
(381, 'Range Rover Sport', 26, '0000-00-00 00:00:00', '0000-00-00 00:00:00'),
(382, 'Range Rover Velar', 26, '0000-00-00 00:00:00', '0000-00-00 00:00:00'),
(383, 'Range Rover Evoque', 26, '0000-00-00 00:00:00', '0000-00-00 00:00:00'),
(384, 'IS', 27, '0000-00-00 00:00:00', '0000-00-00 00:00:00'),
(385, 'ES', 27, '0000-00-00 00:00:00', '0000-00-00 00:00:00'),
(386, 'GS', 27, '0000-00-00 00:00:00', '0000-00-00 00:00:00'),
(387, 'LS', 27, '0000-00-00 00:00:00', '0000-00-00 00:00:00'),
(388, 'UX', 27, '0000-00-00 00:00:00', '0000-00-00 00:00:00'),
(389, 'NX', 27, '0000-00-00 00:00:00', '0000-00-00 00:00:00'),
(390, 'RX', 27, '0000-00-00 00:00:00', '0000-00-00 00:00:00'),
(391, 'GX', 27, '0000-00-00 00:00:00', '0000-00-00 00:00:00'),
(392, 'LX', 27, '0000-00-00 00:00:00', '0000-00-00 00:00:00'),
(393, 'RC', 27, '0000-00-00 00:00:00', '0000-00-00 00:00:00'),
(394, 'LC', 27, '0000-00-00 00:00:00', '0000-00-00 00:00:00'),
(395, 'Aviator', 28, '0000-00-00 00:00:00', '0000-00-00 00:00:00'),
(396, 'Corsair', 28, '0000-00-00 00:00:00', '0000-00-00 00:00:00'),
(397, 'Nautilus', 28, '0000-00-00 00:00:00', '0000-00-00 00:00:00'),
(398, 'Navigator', 28, '0000-00-00 00:00:00', '0000-00-00 00:00:00'),
(399, 'Continental', 28, '0000-00-00 00:00:00', '0000-00-00 00:00:00'),
(400, 'MKZ', 28, '0000-00-00 00:00:00', '0000-00-00 00:00:00'),
(401, 'Ghibli', 29, '0000-00-00 00:00:00', '0000-00-00 00:00:00'),
(402, 'Quattroporte', 29, '0000-00-00 00:00:00', '0000-00-00 00:00:00'),
(403, 'Levante', 29, '0000-00-00 00:00:00', '0000-00-00 00:00:00'),
(404, 'GranTurismo', 29, '0000-00-00 00:00:00', '0000-00-00 00:00:00'),
(405, 'GranCabrio', 29, '0000-00-00 00:00:00', '0000-00-00 00:00:00'),
(406, '2', 30, '0000-00-00 00:00:00', '0000-00-00 00:00:00'),
(407, '3', 30, '0000-00-00 00:00:00', '0000-00-00 00:00:00'),
(408, '6', 30, '0000-00-00 00:00:00', '0000-00-00 00:00:00'),
(409, 'CX-3', 30, '0000-00-00 00:00:00', '0000-00-00 00:00:00'),
(410, 'CX-30', 30, '0000-00-00 00:00:00', '0000-00-00 00:00:00'),
(411, 'CX-5', 30, '0000-00-00 00:00:00', '0000-00-00 00:00:00'),
(412, 'CX-9', 30, '0000-00-00 00:00:00', '0000-00-00 00:00:00'),
(413, 'MX-5 Miata', 30, '0000-00-00 00:00:00', '0000-00-00 00:00:00'),
(414, '540C', 31, '0000-00-00 00:00:00', '0000-00-00 00:00:00'),
(415, '570S', 31, '0000-00-00 00:00:00', '0000-00-00 00:00:00'),
(416, '600LT', 31, '0000-00-00 00:00:00', '0000-00-00 00:00:00'),
(417, '620R', 31, '0000-00-00 00:00:00', '0000-00-00 00:00:00'),
(418, '720S', 31, '0000-00-00 00:00:00', '0000-00-00 00:00:00'),
(419, '765LT', 31, '0000-00-00 00:00:00', '0000-00-00 00:00:00'),
(420, 'GT', 31, '0000-00-00 00:00:00', '0000-00-00 00:00:00'),
(421, 'Speedtail', 31, '0000-00-00 00:00:00', '0000-00-00 00:00:00'),
(422, 'A-Class', 32, '0000-00-00 00:00:00', '0000-00-00 00:00:00'),
(423, 'C-Class', 32, '0000-00-00 00:00:00', '0000-00-00 00:00:00'),
(424, 'E-Class', 32, '0000-00-00 00:00:00', '0000-00-00 00:00:00'),
(425, 'S-Class', 32, '0000-00-00 00:00:00', '0000-00-00 00:00:00'),
(426, 'CLA', 32, '0000-00-00 00:00:00', '0000-00-00 00:00:00'),
(427, 'CLS', 32, '0000-00-00 00:00:00', '0000-00-00 00:00:00'),
(428, 'GLA', 32, '0000-00-00 00:00:00', '0000-00-00 00:00:00'),
(429, 'GLC', 32, '0000-00-00 00:00:00', '0000-00-00 00:00:00'),
(430, 'GLE', 32, '0000-00-00 00:00:00', '0000-00-00 00:00:00'),
(431, 'GLS', 32, '0000-00-00 00:00:00', '0000-00-00 00:00:00'),
(432, 'G-Class', 32, '0000-00-00 00:00:00', '0000-00-00 00:00:00'),
(433, 'SLC', 32, '0000-00-00 00:00:00', '0000-00-00 00:00:00'),
(434, 'SL-Class', 32, '0000-00-00 00:00:00', '0000-00-00 00:00:00'),
(435, 'SLS AMG', 32, '0000-00-00 00:00:00', '0000-00-00 00:00:00'),
(436, 'AMG GT', 32, '0000-00-00 00:00:00', '0000-00-00 00:00:00'),
(437, 'Cooper', 33, '0000-00-00 00:00:00', '0000-00-00 00:00:00'),
(438, 'Clubman', 33, '0000-00-00 00:00:00', '0000-00-00 00:00:00'),
(439, 'Countryman', 33, '0000-00-00 00:00:00', '0000-00-00 00:00:00'),
(440, 'Convertible', 33, '0000-00-00 00:00:00', '0000-00-00 00:00:00'),
(441, 'Hardtop 2 Door', 33, '0000-00-00 00:00:00', '0000-00-00 00:00:00'),
(442, 'Hardtop 4 Door', 33, '0000-00-00 00:00:00', '0000-00-00 00:00:00'),
(443, 'Mirage', 34, '0000-00-00 00:00:00', '0000-00-00 00:00:00'),
(444, 'Lancer', 34, '0000-00-00 00:00:00', '0000-00-00 00:00:00'),
(445, 'Outlander', 34, '0000-00-00 00:00:00', '0000-00-00 00:00:00'),
(446, 'Outlander Sport', 34, '0000-00-00 00:00:00', '0000-00-00 00:00:00'),
(447, 'Eclipse Cross', 34, '0000-00-00 00:00:00', '0000-00-00 00:00:00'),
(448, 'Pajero', 34, '0000-00-00 00:00:00', '0000-00-00 00:00:00'),
(449, 'Montero', 34, '0000-00-00 00:00:00', '0000-00-00 00:00:00'),
(450, 'Pajero Sport', 34, '0000-00-00 00:00:00', '0000-00-00 00:00:00'),
(451, 'Triton', 34, '0000-00-00 00:00:00', '0000-00-00 00:00:00'),
(452, 'Xpander', 34, '0000-00-00 00:00:00', '0000-00-00 00:00:00'),
(453, 'Altima', 35, '0000-00-00 00:00:00', '0000-00-00 00:00:00'),
(454, 'Maxima', 35, '0000-00-00 00:00:00', '0000-00-00 00:00:00'),
(455, 'Sentra', 35, '0000-00-00 00:00:00', '0000-00-00 00:00:00'),
(456, 'Versa', 35, '0000-00-00 00:00:00', '0000-00-00 00:00:00'),
(457, '370Z', 35, '0000-00-00 00:00:00', '0000-00-00 00:00:00'),
(458, 'GT-R', 35, '0000-00-00 00:00:00', '0000-00-00 00:00:00'),
(459, 'Kicks', 35, '0000-00-00 00:00:00', '0000-00-00 00:00:00'),
(460, 'Rogue', 35, '0000-00-00 00:00:00', '0000-00-00 00:00:00'),
(461, 'Murano', 35, '0000-00-00 00:00:00', '0000-00-00 00:00:00'),
(462, 'Pathfinder', 35, '0000-00-00 00:00:00', '0000-00-00 00:00:00'),
(463, 'Armada', 35, '0000-00-00 00:00:00', '0000-00-00 00:00:00'),
(464, 'Frontier', 35, '0000-00-00 00:00:00', '0000-00-00 00:00:00'),
(465, 'Titan', 35, '0000-00-00 00:00:00', '0000-00-00 00:00:00'),
(466, 'NV200', 35, '0000-00-00 00:00:00', '0000-00-00 00:00:00'),
(467, 'Leaf', 35, '0000-00-00 00:00:00', '0000-00-00 00:00:00'),
(468, 'Zonda', 36, '0000-00-00 00:00:00', '0000-00-00 00:00:00'),
(469, 'Huayra', 36, '0000-00-00 00:00:00', '0000-00-00 00:00:00'),
(470, 'Huayra Roadster', 36, '0000-00-00 00:00:00', '0000-00-00 00:00:00'),
(471, 'Huayra BC', 36, '0000-00-00 00:00:00', '0000-00-00 00:00:00'),
(472, 'Huayra BC Roadster', 36, '0000-00-00 00:00:00', '0000-00-00 00:00:00'),
(473, 'Huayra Imola', 36, '0000-00-00 00:00:00', '0000-00-00 00:00:00'),
(474, '108', 37, '0000-00-00 00:00:00', '0000-00-00 00:00:00'),
(475, '208', 37, '0000-00-00 00:00:00', '0000-00-00 00:00:00'),
(476, '308', 37, '0000-00-00 00:00:00', '0000-00-00 00:00:00'),
(477, '508', 37, '0000-00-00 00:00:00', '0000-00-00 00:00:00'),
(478, '2008', 37, '0000-00-00 00:00:00', '0000-00-00 00:00:00'),
(479, '3008', 37, '0000-00-00 00:00:00', '0000-00-00 00:00:00'),
(480, '5008', 37, '0000-00-00 00:00:00', '0000-00-00 00:00:00'),
(481, 'Rifter', 37, '0000-00-00 00:00:00', '0000-00-00 00:00:00'),
(482, 'Traveller', 37, '0000-00-00 00:00:00', '0000-00-00 00:00:00'),
(483, '911', 38, '0000-00-00 00:00:00', '0000-00-00 00:00:00'),
(484, '718 Cayman', 38, '0000-00-00 00:00:00', '0000-00-00 00:00:00'),
(485, '718 Boxster', 38, '0000-00-00 00:00:00', '0000-00-00 00:00:00'),
(486, 'Panamera', 38, '0000-00-00 00:00:00', '0000-00-00 00:00:00'),
(487, 'Cayenne', 38, '0000-00-00 00:00:00', '0000-00-00 00:00:00'),
(488, 'Macan', 38, '0000-00-00 00:00:00', '0000-00-00 00:00:00'),
(489, 'Taycan', 38, '0000-00-00 00:00:00', '0000-00-00 00:00:00'),
(490, '911 GT3', 38, '0000-00-00 00:00:00', '0000-00-00 00:00:00'),
(491, '1500', 39, '0000-00-00 00:00:00', '0000-00-00 00:00:00'),
(492, '2500', 39, '0000-00-00 00:00:00', '0000-00-00 00:00:00'),
(493, '3500', 39, '0000-00-00 00:00:00', '0000-00-00 00:00:00'),
(494, '5500', 39, '0000-00-00 00:00:00', '0000-00-00 00:00:00'),
(495, 'Clio', 40, '0000-00-00 00:00:00', '0000-00-00 00:00:00'),
(496, 'Captur', 40, '0000-00-00 00:00:00', '0000-00-00 00:00:00'),
(497, 'Megane', 40, '0000-00-00 00:00:00', '0000-00-00 00:00:00'),
(498, 'Kadjar', 40, '0000-00-00 00:00:00', '0000-00-00 00:00:00'),
(499, 'Scenic', 40, '0000-00-00 00:00:00', '0000-00-00 00:00:00'),
(500, 'Talisman', 40, '0000-00-00 00:00:00', '0000-00-00 00:00:00'),
(501, 'Koleos', 40, '0000-00-00 00:00:00', '0000-00-00 00:00:00'),
(502, 'Twingo', 40, '0000-00-00 00:00:00', '0000-00-00 00:00:00'),
(503, 'Zoe', 40, '0000-00-00 00:00:00', '0000-00-00 00:00:00'),
(504, 'Phantom', 41, '0000-00-00 00:00:00', '0000-00-00 00:00:00'),
(505, 'Ghost', 41, '0000-00-00 00:00:00', '0000-00-00 00:00:00'),
(506, 'Wraith', 41, '0000-00-00 00:00:00', '0000-00-00 00:00:00'),
(507, 'Dawn', 41, '0000-00-00 00:00:00', '0000-00-00 00:00:00'),
(508, 'Cullinan', 41, '0000-00-00 00:00:00', '0000-00-00 00:00:00'),
(509, '900', 42, '0000-00-00 00:00:00', '0000-00-00 00:00:00'),
(510, '9000', 42, '0000-00-00 00:00:00', '0000-00-00 00:00:00'),
(511, '9-3', 42, '0000-00-00 00:00:00', '0000-00-00 00:00:00'),
(512, '9-5', 42, '0000-00-00 00:00:00', '0000-00-00 00:00:00'),
(513, 'Impreza', 43, '0000-00-00 00:00:00', '0000-00-00 00:00:00'),
(514, 'Legacy', 43, '0000-00-00 00:00:00', '0000-00-00 00:00:00'),
(515, 'Outback', 43, '0000-00-00 00:00:00', '0000-00-00 00:00:00'),
(516, 'Forester', 43, '0000-00-00 00:00:00', '0000-00-00 00:00:00'),
(517, 'Crosstrek', 43, '0000-00-00 00:00:00', '0000-00-00 00:00:00'),
(518, 'WRX', 43, '0000-00-00 00:00:00', '0000-00-00 00:00:00'),
(519, 'BRZ', 43, '0000-00-00 00:00:00', '0000-00-00 00:00:00'),
(520, 'Swift', 44, '0000-00-00 00:00:00', '0000-00-00 00:00:00'),
(521, 'Baleno', 44, '0000-00-00 00:00:00', '0000-00-00 00:00:00'),
(522, 'Celerio', 44, '0000-00-00 00:00:00', '0000-00-00 00:00:00'),
(523, 'Ignis', 44, '0000-00-00 00:00:00', '0000-00-00 00:00:00'),
(524, 'S-Cross', 44, '0000-00-00 00:00:00', '0000-00-00 00:00:00'),
(525, 'Vitara', 44, '0000-00-00 00:00:00', '0000-00-00 00:00:00'),
(526, 'Jimny', 44, '0000-00-00 00:00:00', '0000-00-00 00:00:00'),
(527, 'Model S', 45, '0000-00-00 00:00:00', '0000-00-00 00:00:00'),
(528, 'Model 3', 45, '0000-00-00 00:00:00', '0000-00-00 00:00:00'),
(529, 'Model X', 45, '0000-00-00 00:00:00', '0000-00-00 00:00:00'),
(530, 'Model Y', 45, '0000-00-00 00:00:00', '0000-00-00 00:00:00'),
(531, 'Corolla', 46, '0000-00-00 00:00:00', '0000-00-00 00:00:00'),
(532, 'Camry', 46, '0000-00-00 00:00:00', '0000-00-00 00:00:00'),
(533, 'Rav4', 46, '0000-00-00 00:00:00', '0000-00-00 00:00:00'),
(534, 'Prius', 46, '0000-00-00 00:00:00', '0000-00-00 00:00:00'),
(535, 'Highlander', 46, '0000-00-00 00:00:00', '0000-00-00 00:00:00'),
(536, 'Sienna', 46, '0000-00-00 00:00:00', '0000-00-00 00:00:00'),
(537, 'Tacoma', 46, '0000-00-00 00:00:00', '0000-00-00 00:00:00'),
(538, 'Tundra', 46, '0000-00-00 00:00:00', '0000-00-00 00:00:00'),
(539, '4Runner', 46, '0000-00-00 00:00:00', '0000-00-00 00:00:00'),
(540, 'Supra', 46, '0000-00-00 00:00:00', '0000-00-00 00:00:00'),
(541, 'Land Cruiser', 46, '0000-00-00 00:00:00', '0000-00-00 00:00:00'),
(542, 'Golf', 47, '0000-00-00 00:00:00', '0000-00-00 00:00:00'),
(543, 'Jetta', 47, '0000-00-00 00:00:00', '0000-00-00 00:00:00'),
(544, 'Passat', 47, '0000-00-00 00:00:00', '0000-00-00 00:00:00'),
(545, 'Arteon', 47, '0000-00-00 00:00:00', '0000-00-00 00:00:00'),
(546, 'Tiguan', 47, '0000-00-00 00:00:00', '0000-00-00 00:00:00'),
(547, 'Atlas', 47, '0000-00-00 00:00:00', '0000-00-00 00:00:00'),
(548, 'Touareg', 47, '0000-00-00 00:00:00', '0000-00-00 00:00:00'),
(549, 'ID.4', 47, '0000-00-00 00:00:00', '0000-00-00 00:00:00'),
(550, 'ID.3', 47, '0000-00-00 00:00:00', '0000-00-00 00:00:00'),
(551, 'S60', 48, '0000-00-00 00:00:00', '0000-00-00 00:00:00'),
(552, 'S90', 48, '0000-00-00 00:00:00', '0000-00-00 00:00:00'),
(553, 'V60', 48, '0000-00-00 00:00:00', '0000-00-00 00:00:00'),
(554, 'V90', 48, '0000-00-00 00:00:00', '0000-00-00 00:00:00'),
(555, 'XC40', 48, '0000-00-00 00:00:00', '0000-00-00 00:00:00'),
(556, 'XC60', 48, '0000-00-00 00:00:00', '0000-00-00 00:00:00'),
(557, 'XC90', 48, '0000-00-00 00:00:00', '0000-00-00 00:00:00'),
(558, 'T600', 50, '0000-00-00 00:00:00', '0000-00-00 00:00:00'),
(559, 'T700', 50, '0000-00-00 00:00:00', '0000-00-00 00:00:00'),
(560, 'T800', 50, '0000-00-00 00:00:00', '0000-00-00 00:00:00'),
(561, 'T900', 50, '0000-00-00 00:00:00', '0000-00-00 00:00:00'),
(562, 'SR7', 50, '0000-00-00 00:00:00', '0000-00-00 00:00:00'),
(563, 'SR9', 50, '0000-00-00 00:00:00', '0000-00-00 00:00:00');

-- --------------------------------------------------------

--
-- Структура таблицы `users`
--

CREATE TABLE `users` (
  `id` int(11) NOT NULL,
  `name` varchar(40) NOT NULL,
  `email` varchar(70) NOT NULL,
  `phone` varchar(20) NOT NULL,
  `password` varchar(255) NOT NULL,
  `createdAt` datetime NOT NULL,
  `updatedAt` datetime NOT NULL
) ENGINE=InnoDB DEFAULT CHARSET=utf8 COLLATE=utf8_general_ci;

--
-- Индексы сохранённых таблиц
--

--
-- Индексы таблицы `brands`
--
ALTER TABLE `brands`
  ADD PRIMARY KEY (`id`);

--
-- Индексы таблицы `cars`
--
ALTER TABLE `cars`
  ADD PRIMARY KEY (`id`),
  ADD KEY `brand` (`brand`),
  ADD KEY `model` (`model`),
  ADD KEY `owner` (`owner`),
  ADD KEY `city_id` (`city_id`),
  ADD KEY `car_id` (`car_id`);

--
-- Индексы таблицы `cities`
--
ALTER TABLE `cities`
  ADD PRIMARY KEY (`id`);

--
-- Индексы таблицы `favorites`
--
ALTER TABLE `favorites`
  ADD PRIMARY KEY (`id`),
  ADD KEY `user_id` (`user_id`),
  ADD KEY `car_id` (`car_id`);

--
-- Индексы таблицы `models`
--
ALTER TABLE `models`
  ADD PRIMARY KEY (`id`),
  ADD KEY `brand_id` (`brand_id`);

--
-- Индексы таблицы `users`
--
ALTER TABLE `users`
  ADD PRIMARY KEY (`id`);

--
-- AUTO_INCREMENT для сохранённых таблиц
--

--
-- AUTO_INCREMENT для таблицы `brands`
--
ALTER TABLE `brands`
  MODIFY `id` int(11) NOT NULL AUTO_INCREMENT, AUTO_INCREMENT=51;

--
-- AUTO_INCREMENT для таблицы `cars`
--
ALTER TABLE `cars`
  MODIFY `id` int(11) NOT NULL AUTO_INCREMENT, AUTO_INCREMENT=20;

--
-- AUTO_INCREMENT для таблицы `cities`
--
ALTER TABLE `cities`
  MODIFY `id` int(11) NOT NULL AUTO_INCREMENT, AUTO_INCREMENT=40;

--
-- AUTO_INCREMENT для таблицы `favorites`
--
ALTER TABLE `favorites`
  MODIFY `id` int(11) NOT NULL AUTO_INCREMENT, AUTO_INCREMENT=26;

--
-- AUTO_INCREMENT для таблицы `models`
--
ALTER TABLE `models`
  MODIFY `id` int(11) NOT NULL AUTO_INCREMENT, AUTO_INCREMENT=564;

--
-- AUTO_INCREMENT для таблицы `users`
--
ALTER TABLE `users`
  MODIFY `id` int(11) NOT NULL AUTO_INCREMENT;

--
-- Ограничения внешнего ключа сохраненных таблиц
--

--
-- Ограничения внешнего ключа таблицы `cars`
--
ALTER TABLE `cars`
  ADD CONSTRAINT `cars_ibfk_62` FOREIGN KEY (`brand`) REFERENCES `brands` (`id`) ON DELETE NO ACTION ON UPDATE CASCADE,
  ADD CONSTRAINT `cars_ibfk_63` FOREIGN KEY (`model`) REFERENCES `models` (`id`) ON DELETE NO ACTION ON UPDATE CASCADE,
  ADD CONSTRAINT `cars_ibfk_64` FOREIGN KEY (`owner`) REFERENCES `users` (`id`) ON DELETE CASCADE ON UPDATE CASCADE,
  ADD CONSTRAINT `cars_ibfk_65` FOREIGN KEY (`city_id`) REFERENCES `cities` (`id`) ON DELETE NO ACTION ON UPDATE CASCADE,
  ADD CONSTRAINT `cars_ibfk_66` FOREIGN KEY (`car_id`) REFERENCES `favorites` (`id`) ON DELETE SET NULL ON UPDATE CASCADE;

--
-- Ограничения внешнего ключа таблицы `favorites`
--
ALTER TABLE `favorites`
  ADD CONSTRAINT `favorites_ibfk_21` FOREIGN KEY (`user_id`) REFERENCES `users` (`id`) ON DELETE CASCADE ON UPDATE CASCADE,
  ADD CONSTRAINT `favorites_ibfk_22` FOREIGN KEY (`car_id`) REFERENCES `cars` (`id`) ON DELETE CASCADE ON UPDATE CASCADE;

--
-- Ограничения внешнего ключа таблицы `models`
--
ALTER TABLE `models`
  ADD CONSTRAINT `models_ibfk_1` FOREIGN KEY (`brand_id`) REFERENCES `brands` (`id`);
COMMIT;

/*!40101 SET CHARACTER_SET_CLIENT=@OLD_CHARACTER_SET_CLIENT */;
/*!40101 SET CHARACTER_SET_RESULTS=@OLD_CHARACTER_SET_RESULTS */;
/*!40101 SET COLLATION_CONNECTION=@OLD_COLLATION_CONNECTION */;
